date_scraped,award_id,award_amount,replicability,service_type,description,awardee,awardee_uei,agency,sub_agency,naics,psc,start_date,match_source,score,award_url
2026-07-01,1605TB26F00001,30744.00,high,incident_response,"RENEW LICENSING FOR CROWDSTRIKE FALCON PLATFORM, AN ENDPOINT DETECTION AND RESPONSE CYBERSECURITY SOFTWARE THAT HAS BEEN FULLY IMPLEMENTED INTO THE BLS CYBER SECURITY FRAMEWORK AND INCORPORATED INTO AGENCY INCIDENT RESPONSE PROCEDURES.",NORSEMAN INC,,Department of Labor,Office of the Assistant Secretary for Administration and Management,541519,DA01,2025-12-23,keyword:incident response,80,https://www.usaspending.gov/award/CONT_AWD_1605TB26F00001_1605_NNG15SC83B_8000
2026-07-01,140D0425F0951,14308.25,high,vulnerability_assessment,PENETRATION TESTING SOFTWARE WOULD SIGNIFICANTLY ENHANCE OUR EXISTING VULNERABILITY MANAGEMENT SERVICES BY OFFERING DEEPER INSIGHTS INTO THE NETWORK INFRASTRUCTURE OF TRIBAL GAMING OPERATIONS. THE SOFTWARE WOULD ALLOW TO SIMULATE REAL-WORLD CYBER-ATT,SOFTWARE INFORMATION RESOURCE CORP.,,Department of the Interior,Departmental Offices,541519,DA10,2025-09-17,keyword:penetration test,75,https://www.usaspending.gov/award/CONT_AWD_140D0425F0951_1406_NNG15SD74B_8000
2026-07-01,70SBUR26F00000138,28738.10,high,vulnerability_assessment,"OPSWAT METADEFENDER SOFTWARE PROVIDES ADVANCED MALWARE PREVENTION, VULNERABILITY ASSESSMENT, AND DATA SANITATION CAPABILITIES THAT ARE CRITICAL TO MAINTAINING THE CYBERSECURITY POSTURE OF DHS AND USCIS.","NEW TECH SOLUTIONS, INC.",,Department of Homeland Security,U.S. Citizenship and Immigration Services,541519,DA10,2026-06-10,keyword:vulnerability assessment,75,https://www.usaspending.gov/award/CONT_AWD_70SBUR26F00000138_7003_NNG15SC82B_8000
2026-07-01,24362519F0121,73683.43,high,cyber_consulting,IRETIRE SECURITY ASSESSMENT,PARAGON TECHNOLOGY GROUP INC.,,Office of Personnel Management,Office of Personnel Management,541519,D310,2019-05-21,keyword:security assessment,75,https://www.usaspending.gov/award/CONT_AWD_24362519F0121_2400_GS35F0484N_4730
2026-07-01,N6893625F0529,76146.25,high,cyber_consulting,CYBER RISK ASSESSMENT SERVICES,"RTL NETWORKS, INC.",,Department of Defense,Department of the Navy,541512,DJ10,2025-09-05,keyword:risk assessment,75,https://www.usaspending.gov/award/CONT_AWD_N6893625F0529_9700_N6893624D0003_9700
2026-07-01,N6833526F1021,24802.79,high,cyber_consulting,"NASA SEWP ORDER OF OPENRMF PRO, A CYBER COMPLIANCE AUTOMATION TOOL.","NEW TECH SOLUTIONS, INC.",,Department of Defense,Department of the Navy,541519,7A21,2026-04-10,keyword:cyber compliance,70,https://www.usaspending.gov/award/CONT_AWD_N6833526F1021_9700_NNG15SC82B_8000
2026-07-01,36C10B26F0138,25697.01,high,penetration_testing,COBALT STRIKE PENETRATION TESTING,"REDHAWK IT SOLUTIONS, LLC",,Department of Veterans Affairs,Department of Veterans Affairs,541519,DA10,2026-04-01,keyword:penetration test,70,https://www.usaspending.gov/award/CONT_AWD_36C10B26F0138_3600_NNG15SD38B_8000
2026-07-01,89303124FEM400384,40165.02,high,vulnerability_assessment,INFORMATION TECHNOLOGY PURCHASE FOR PORTSMOUTH PADUCAH PROJECT OFFICE -SYSTEM AND HOST VULNERABILITY SCANNER,BLUE TECH INC.,,Department of Energy,Department of Energy,541519,7A20,2024-08-28,keyword:vulnerability scan,70,https://www.usaspending.gov/award/CONT_AWD_89303124FEM400384_8900_NNG15SD00B_8000
2026-07-01,15F06723F0001595,41438.72,high,penetration_testing,"CYD 2023 E023 CTAOS/CTOU CNO/CNE PROGRAM REQUIRES UTILIZATION OF METASPLOIT LICENSES. CURRENTLY, THE UNIT POSSESS ONE LICENSE AND THIS REQ IS TO INCREASE THAT QUANTITY TO TWO. THIS SOFTWARE WILL BE USED FOR PENETRATION TESTING. IT NORMALIZES HOW RED","COUNTERTRADE PRODUCTS, INC.",,Department of Justice,Federal Bureau of Investigation,541519,7C21,2023-09-22,keyword:penetration test,70,https://www.usaspending.gov/award/CONT_AWD_15F06723F0001595_1549_NNG15SC30B_8000
2026-07-01,89303726FEM400344,51081.79,high,penetration_testing,"THIS PURCHASE IS FOR THE REPLACEMENT OF EOL HARDWARE THAT IS USED TO SUPPORT DFIR, PENETRATION TESTING, AND OTHER CYBER LAB PROJECTS. THIS INCLUDES A NETWORK ATTACHED STORAGE DEVICE, SWITCHES, AND OTHER DESKTOP HARDWARE ACCESSORIES FOR THE CSOC AND C",COLOSSAL CONTRACTING LLC,,Department of Energy,Department of Energy,541519,7H20,2026-05-12,keyword:penetration test,70,https://www.usaspending.gov/award/CONT_AWD_89303726FEM400344_8900_NNG15SD72B_8000
2026-07-01,1333MF26F0020,63140.60,high,vulnerability_assessment,QUALYS WEB APPLICATION VULNERABILITY SCANNING  POP:  06/01/2026 - 05/31/2027  QUALYS VMDR BUNDLE QTY 100 QUALYS TOTALAPPSEC QTY 500 QUALYS SECURITY QTY 10,"AUGUST SCHELL ENTERPRISES, INC.",,Department of Commerce,National Oceanic and Atmospheric Administration,541519,7A20,2026-06-01,keyword:vulnerability scan,70,https://www.usaspending.gov/award/CONT_AWD_1333MF26F0020_1330_NNG15SD80B_8000
2026-07-01,19AQMM25F7343,5000.00,high,incident_response,NEW AMAZON WEB SERVICES BPA CALL FOR DS-MIRD INCIDENT RESPONSE,"THUNDERCAT TECHNOLOGY, LLC",,Department of State,Department of State,541519,DB10,2025-09-30,keyword:incident response,65,https://www.usaspending.gov/award/CONT_AWD_19AQMM25F7343_1900_19AQMM25A1227_1900
2026-07-01,70RTAC25FR0000066,76562.50,high,vulnerability_assessment,CROWDSOURCED VULNERABILITY ASSESSMENT SERVICES (CVAS) FOR CBP CHATBOT,SECURESOFT TECHNOLOGIES LLC,,Department of Homeland Security,Office of Procurement Operations,541519,DJ01,2025-09-18,keyword:vulnerability assessment,65,https://www.usaspending.gov/award/CONT_AWD_70RTAC25FR0000066_7001_70RTAC22D00000002_7001
2026-07-01,11316025C0001NCD,78848.68,high,cyber_consulting,SPACE GROUND SYSTEM INVENTORY AND CYBERSECURITY ASSESSMENT IN SUPPORT OF EO 14144,THE AEROSPACE CORPORATION,,Executive Office of the President,Executive Office of the President,541715,B544,2025-08-01,keyword:cybersecurity assessment,65,https://www.usaspending.gov/award/CONT_AWD_11316025C0001NCD_1100_-NONE-_-NONE-
2026-07-01,70CMSD25P00000146,94998.00,high,vulnerability_assessment,THIS AWARD FUNDS AND PROVIDES SERVICES FOR 30 DAYS TO PROVIDE ICE OFFICE OF PROFESSIONAL RESPONSIBILITY WITH INTERNET BASED THREAT RISK MITIGATION AND PROACTIVE MONITORING SERVICES WHICH INCLUDE VULNERABILITY ASSESSMENTS.,BARBARICUM LLC,,Department of Homeland Security,U.S. Immigration and Customs Enforcement,541990,R499,2025-09-21,keyword:vulnerability assessment,65,https://www.usaspending.gov/award/CONT_AWD_70CMSD25P00000146_7012_-NONE-_-NONE-
2026-07-01,140D0426F0617,11069.86,high,penetration_testing,"EO 14398 - THIS IS A BLANKET PURCHASE ORDER FOR THE SELECTIVE SERVICE SYSTEM (SSS) FOR PENETRATION TESTING, INFORMATION SYSTEMS SECURITY LINE OF BUSINESS (ISSLOB)","GLOBAL SOLUTIONS GROUP, INC.",,Department of the Interior,Departmental Offices,541511,DJ01,2026-06-08,keyword:penetration test,60,https://www.usaspending.gov/award/CONT_AWD_140D0426F0617_1406_140D0422A0008_1406
2026-07-01,05GA0A25K0108,21456.00,high,cyber_consulting,THE PURPOSE OF THIS AWARD IS TO CONDUCT A THOROUGH FACILITY SECURITY ASSESSMENT OF GAO POTENTIAL VULNERABILITIES TO INSIDER THREAT AND TERRORIST ATTACKS.,"TALON EXPEDITIONARY SERVICES, LLC",,Government Accountability Office,"GAO, Except Comptroller General",561621,S211,2025-09-01,keyword:security assessment,60,https://www.usaspending.gov/award/CONT_AWD_05GA0A25K0108_0559_05GA0A21A0002_0559
2026-07-01,15PTDE20F00000021,25785.00,high,incident_response,"METAFLOWS IDS, CLOUD FORENSICS, ADVANCE MALWARE ANALYSIS FOR THE CLOUD - NETWORK FORENSICS AND INCIDENT RESPONSE (FY20 RENEWAL)",OGIS COMMUNICATION GROUP INC,,Department of Justice,Office of Justice Programs,541519,J063,2020-06-10,keyword:incident response,60,https://www.usaspending.gov/award/CONT_AWD_15PTDE20F00000021_1550_NNG15SD13B_8000
2026-07-01,FA251824F0039,43583.88,high,cyber_consulting,THE SPOC S8ZY TEAM REQUIRES TRAINING FOR 10 PERSONNEL ON THE FORCE POINT HIGH SPEED GUARD TO PERFORM CYBER SECURITY ASSESSMENT FOR HQ SPOC UNITS LEVERAGING THIS CAPABILITY.,EVERFOX LLC,,Department of Defense,Department of the Air Force,611420,U012,2024-09-01,keyword:security assessment,60,https://www.usaspending.gov/award/CONT_AWD_FA251824F0039_9700_GS35F650GA_4732
2026-07-01,19AQMM25F1944,53807.00,high,incident_response,GOOGLE INCIDENT RESPONSE SERVICES,"THUNDERCAT TECHNOLOGY, LLC",,Department of State,Department of State,541519,DJ10,2025-10-01,keyword:incident response,60,https://www.usaspending.gov/award/CONT_AWD_19AQMM25F1944_1900_NNG15SC92B_8000
2026-07-01,FA301624F0494,57629.35,high,compliance_assessment,FY24 F64J1 WSA VD 300100 - UFR # 43 WSA CUI COMPLIANCE SHREDDERS,"PREMIER & COMPANIES, INC.",,Department of Defense,Department of the Air Force,322230,7490,2024-09-27,keyword:CUI compliance,60,https://www.usaspending.gov/award/CONT_AWD_FA301624F0494_9700_47QSEA20D0043_4732
2026-07-01,692M1525F00191,58030.00,high,incident_response,ITAR-25-3049     SLI#: 59800    692M15-25-A-00001 - UNIFIED SUPPORT - QTY 1 - CYBERSECURITY INCIDENT RESPONSE - CLEARED,MICROSOFT CORPORATION,,Department of Transportation,Federal Aviation Administration,541512,DA10,2025-09-22,keyword:incident response,60,https://www.usaspending.gov/award/CONT_AWD_692M1525F00191_6920_692M1525A00001_6920
2026-07-01,1145PC19F0758,11463.75,high,other,OVM ASSISTANCE,"VASKE COMPUTER, INC",,Peace Corps,Peace Corps,541519,D310,2019-07-24,psc:D310,55,https://www.usaspending.gov/award/CONT_AWD_1145PC19F0758_1145_GS35F535BA_4732
2026-07-01,75A50326F80008,22070.33,high,other,PROCURE HSPD-12 PIV ADMINISTRATION WORKSTATION PROCUREMENT,DELOITTE CONSULTING LLP,,Department of Health and Human Services,Office of Assistant Secretary for Preparedness and Response,541512,R425,2026-06-25,naics:541512,55,https://www.usaspending.gov/award/CONT_AWD_75A50326F80008_7505_HHSN316201200018W_7529
2026-07-01,80LARC20F0027,43817.74,high,cyber_consulting,LASER PROBABALISTIC RISK ASSESSMENT,"MISSION TECHNOLOGIES, INC",,National Aeronautics and Space Administration,National Aeronautics and Space Administration,541690,R425,2020-01-29,keyword:risk assessment,55,https://www.usaspending.gov/award/CONT_AWD_80LARC20F0027_8000_NNL14AA40C_8000
2026-07-01,N0042125P0129,55128.00,high,penetration_testing,"SANS TRAINING CLASSES CYBER WARFARE: SEC617: WIRELESS PENETRATION TESTING AND ETHICAL HACKING COURSE, QTY 2. ICS410: ICS/SCADA SECURITY ESSENTIALS COURSE, QTY 1. SEC560: ENTERPRISE PENETRATION TESTING COURSE, QTY 2. TRAINING PACKAGE (SEC595), QTY 1.","THE ESCAL INSTITUTE OF ADVANCED TECHNOLOGIES, INC.",,Department of Defense,Department of the Navy,611430,U008,2025-07-02,keyword:penetration test,55,https://www.usaspending.gov/award/CONT_AWD_N0042125P0129_9700_-NONE-_-NONE-
2026-07-01,36C10D24P0073,65561.66,high,cyber_consulting,VBA OMS ANNUAL WORKPLACE EVALUATION AND PHYSICAL SECURITY ASSESSMENT SUPPORT SERVICES PURCHASE.,440 CONSULTING LLC,,Department of Veterans Affairs,Department of Veterans Affairs,541690,R499,2024-05-07,keyword:security assessment,55,https://www.usaspending.gov/award/CONT_AWD_36C10D24P0073_3600_-NONE-_-NONE-
2026-07-01,140L0624F0039,7417.95,high,cyber_consulting,"COMPLIANCE ASSESSMENTS FOR SAFETY, HEALTH, AND THE ENVIRONMENT (CASHE) CALL 094 RI CASHE TOWER STRUCTURAL EVALUATION MT","AARCHER, INC.",,Department of the Interior,Bureau of Land Management,541620,R410,2024-04-02,keyword:compliance assessment,50,https://www.usaspending.gov/award/CONT_AWD_140L0624F0039_1422_140L0622A0008_1422
2026-07-01,31400126P0003,7920.00,high,incident_response,"THE REGION II HVAC CONTRACT PROVIDES 24/7 OPERATIONAL SUPPORT FOR COOLING IT SYSTEMS THROUGH COMPUTER ROOM AC (CRAC) UNITS, HVAC FOR THE 8TH FLOOR GUARD STATION AND AV ROOM, AND HVAC FOR THE 11TH FLOOR INCIDENT RESPONSE CENTER (IRC).",MAXAIR MECHANICAL LLC,,Nuclear Regulatory Commission,Nuclear Regulatory Commission,238220,H341,2026-05-06,keyword:incident response,50,https://www.usaspending.gov/award/CONT_AWD_31400126P0003_3100_-NONE-_-NONE-
2026-07-01,31400124P0002,8542.36,high,incident_response,"PROVIDE CABLE ACCESS TELEVISION SERVICE FOR NEWS AND WEATHER INFORMATION IN THE REGION II INCIDENT RESPONSE CENTER, CONFERENCE ROOMS, AND DESIGNATED OFFICE AREAS WITHIN REGION II.  THIS CONTRACT IS BEING FUNDED FOR AND ANNUAL COST OF $9,324.00. IF",COMCAST GOVERNMENT SERVICES LLC,,Nuclear Regulatory Commission,Nuclear Regulatory Commission,517111,5820,2024-03-07,keyword:incident response,50,https://www.usaspending.gov/award/CONT_AWD_31400124P0002_3100_-NONE-_-NONE-
2026-07-01,140L0623F0264,9376.08,high,cyber_consulting,"COMPLIANCE ASSESSMENTS FOR SAFETY, HEALTH, AND THE ENVIRONMENT (CASHE) CALL 073 ELM CREEK FY25 AUDIT","AARCHER, INC.",,Department of the Interior,Bureau of Land Management,541620,R410,2023-09-18,keyword:compliance assessment,50,https://www.usaspending.gov/award/CONT_AWD_140L0623F0264_1422_140L0622A0008_1422
2026-07-01,140L0624F0178,19963.64,high,cyber_consulting,"COMPLIANCE ASSESSMENTS FOR SAFETY, HEALTH, AND THE ENVIRONMENT (CASHE) CALL 097 - FY 2026 CASHE AUDIT SOUTHEASTERN STATES DO, EASTERN STATES SO, & WO","AARCHER, INC.",,Department of the Interior,Bureau of Land Management,541620,R410,2024-09-12,keyword:compliance assessment,50,https://www.usaspending.gov/award/CONT_AWD_140L0624F0178_1422_140L0622A0008_1422
2026-07-01,70Z02826PMIAM0042,52136.00,high,other,INSTALLATION OF TWO SIPR GUARD SYSTEMS INTO TWO TRUSTED SYSTEMS IPS CONTAINERS,"TRUSTED SYSTEMS, INC.",,Department of Homeland Security,U.S. Coast Guard,541512,R425,2026-06-26,naics:541512,50,https://www.usaspending.gov/award/CONT_AWD_70Z02826PMIAM0042_7008_-NONE-_-NONE-
2026-07-01,91003124F0006,77836.80,high,incident_response,THE ACQUISITION OF THE ENCASE SOFTWARE SUPPORT AND MAINTENANCE RENEWAL IS REQUIRED FOR FSA SECURITY OPERATIONS CENTER TO PERFORM FORENSIC EXAMINATION WITH REAL TIME INCIDENT RESPONSE ANALYSIS AND ING.,"THUNDERCAT TECHNOLOGY, LLC",,Department of Education,Department of Education,541519,7A21,2024-01-28,keyword:incident response,50,https://www.usaspending.gov/award/CONT_AWD_91003124F0006_9100_NNG15SC92B_8000
2026-07-01,N0017826F3009,10000.00,medium,cyber_consulting,NSWCDD B70 PROVIDES TECHNICAL SYSTEMS SAFETY ENGINEERING ANALYSIS AND MANAGEMENT SUPPORT SERVICES. EFFORTS: SAFETY RISK ASSESSMENT FOR VARIETY OF SURFACE NAVY COMBAT AND WEAPON-RELATED SYSTEMS AND OPERATIONS IN VARIOUS ACQUISITION LIFE-CYCLE PHASES.,BASIC COMMERCE & INDUSTRIES INC,,Department of Defense,Department of the Navy,541330,R425,2026-06-01,keyword:risk assessment,45,https://www.usaspending.gov/award/CONT_AWD_N0017826F3009_9700_N0017819D7230_9700
2026-07-01,33330219FF0010117,25712.42,medium,incident_response,ONE YEAR TSS SECURITY FOR INCIDENT RESPONSE FORENSICS SUPPORT INCLUDING 160 OF HOURS TO PROVIDE AD HOC SUPPOR,CLOUDBURST SECURITY LLC,,Smithsonian Institution,Smithsonian Institution,812990,7010,2019-03-19,keyword:incident response,45,https://www.usaspending.gov/award/CONT_AWD_33330219FF0010117_3300_33330218DF0010271_3300
2026-07-01,31360024F0001,29926.54,medium,incident_response,"CONTINUATION OF MOBILE HOTSPOT SERVICE TO REGION L, HQ, AND OTHER REGIONS TO AID THEIR INCIDENT RESPONSE RESPONSIBILITIES/FUNCTIONS IN AREAS WHERE THE HQ, AT&T AIR CARDS CANNOT PROVIDE FULL SERVICE.",CELLCO PARTNERSHIP,,Nuclear Regulatory Commission,Nuclear Regulatory Commission,517312,DE11,2024-03-01,keyword:incident response,45,https://www.usaspending.gov/award/CONT_AWD_31360024F0001_3100_47QTCA20D00B5_4732
2026-07-01,140L0624F0184,33813.32,medium,cyber_consulting,"COMPLIANCE ASSESSMENTS FOR SAFETY, HEALTH, AND THE ENVIRONMENT (CASHE) CALL 099 - FY 2026 CASHE AUDIT NEEDLES & BARSTOW","AARCHER, INC.",,Department of the Interior,Bureau of Land Management,541620,R410,2024-09-18,keyword:compliance assessment,45,https://www.usaspending.gov/award/CONT_AWD_140L0624F0184_1422_140L0622A0008_1422
2026-07-01,140L0623F0246,34530.91,medium,cyber_consulting,"COMPLIANCE ASSESSMENTS FOR SAFETY, HEALTH, AND THE ENVIRONMENT (CASHE) CALL 090 UPDATE SPCC AND SWPPP FOR NIFC","AARCHER, INC.",,Department of the Interior,Bureau of Land Management,541620,R410,2023-09-13,keyword:compliance assessment,45,https://www.usaspending.gov/award/CONT_AWD_140L0623F0246_1422_140L0622A0008_1422
2026-07-01,15F06724F0000022,35938.66,medium,incident_response,"THIS IS A CONTRACT FOR AT&T TO PROVIDE FIRSTNET PRIORITY CELLULAR DATA SERVICE THROUGHOUT THE CONTINENTAL UNITED STATES (CONUS), HAWAII, AND COVERED ZONES IN ALASKA TO THE FEDERAL BUREAU OF INVESTIGATION (FBI) CRITICAL INCIDENT RESPONSE GROUPS (CIRG)",ATT MOBILITY LLC,,Department of Justice,Federal Bureau of Investigation,517312,DG11,2023-12-01,keyword:incident response,45,https://www.usaspending.gov/award/CONT_AWD_15F06724F0000022_1549_47QTCA19D00MV_4732
2026-07-01,140L0623F0269,37875.08,medium,cyber_consulting,"COMPLIANCE ASSESSMENTS FOR SAFETY, HEALTH, AND THE ENVIRONMENT (CASHE) CALL 075 FILLMORE","AARCHER, INC.",,Department of the Interior,Bureau of Land Management,541620,R410,2023-09-18,keyword:compliance assessment,45,https://www.usaspending.gov/award/CONT_AWD_140L0623F0269_1422_140L0622A0008_1422
2026-07-01,12024B25M1080,38552.00,medium,incident_response,INCIDENT RESPONSE COMMUNICATIONS LLC ORWIF250387 E4,INCIDENT RESPONSE COMMUNICATIONS LLC,,Department of Agriculture,Forest Service,488190,F003,2025-09-09,keyword:incident response,45,https://www.usaspending.gov/award/CONT_AWD_12024B25M1080_12C2_12024B24T7018_12C2
2026-07-01,140L0624F0196,40860.64,medium,cyber_consulting,"COMPLIANCE ASSESSMENTS FOR SAFETY, HEALTH, AND THE ENVIRONMENT (CASHE) CALL 108 - FY 2026 CASHE AUDIT ELY CIH-CSP","AARCHER, INC.",,Department of the Interior,Bureau of Land Management,541620,R410,2024-09-23,keyword:compliance assessment,45,https://www.usaspending.gov/award/CONT_AWD_140L0624F0196_1422_140L0622A0008_1422
2026-07-01,140L0623F0260,44211.32,medium,cyber_consulting,"COMPLIANCE ASSESSMENTS FOR SAFETY, HEALTH, AND THE ENVIRONMENT (CASHE) CALL 072 SOUTHERN NEVADA DISTRICT FY25 AUDIT","AARCHER, INC.",,Department of the Interior,Bureau of Land Management,541620,R410,2023-09-18,keyword:compliance assessment,45,https://www.usaspending.gov/award/CONT_AWD_140L0623F0260_1422_140L0622A0008_1422
2026-07-01,140L0624F0193,45394.50,medium,cyber_consulting,"COMPLIANCE ASSESSMENTS FOR SAFETY, HEALTH, AND THE ENVIRONMENT (CASHE) CALL 105 - FY 2026 CASHE AUDIT LAKEVIEW","AARCHER, INC.",,Department of the Interior,Bureau of Land Management,541620,R410,2024-09-17,keyword:compliance assessment,45,https://www.usaspending.gov/award/CONT_AWD_140L0624F0193_1422_140L0622A0008_1422
2026-07-01,140L0623F0278,45444.42,medium,cyber_consulting,"COMPLIANCE ASSESSMENTS FOR SAFETY, HEALTH, AND THE ENVIRONMENT (CASHE) CALL 078 ROSEBURG","AARCHER, INC.",,Department of the Interior,Bureau of Land Management,541620,R410,2023-09-18,keyword:compliance assessment,45,https://www.usaspending.gov/award/CONT_AWD_140L0623F0278_1422_140L0622A0008_1422
2026-07-01,140L0624F0185,45620.66,medium,cyber_consulting,"COMPLIANCE ASSESSMENTS FOR SAFETY, HEALTH, AND THE ENVIRONMENT (CASHE) CALL 100 - FY 2026 CASHE AUDIT CENTRAL COAST & MOTHER LODE","AARCHER, INC.",,Department of the Interior,Bureau of Land Management,541620,R410,2024-09-16,keyword:compliance assessment,45,https://www.usaspending.gov/award/CONT_AWD_140L0624F0185_1422_140L0622A0008_1422
2026-07-01,140L0623F0277,45662.72,medium,cyber_consulting,"COMPLIANCE ASSESSMENTS FOR SAFETY, HEALTH, AND THE ENVIRONMENT (CASHE) CALL 077 PRICE/VERNAL FY25 AUDIT","AARCHER, INC.",,Department of the Interior,Bureau of Land Management,541620,R410,2023-09-18,keyword:compliance assessment,45,https://www.usaspending.gov/award/CONT_AWD_140L0623F0277_1422_140L0622A0008_1422
2026-07-01,140L0624F0190,45689.50,medium,cyber_consulting,"COMPLIANCE ASSESSMENTS FOR SAFETY, HEALTH, AND THE ENVIRONMENT (CASHE) CALL 103 - FY 2026 CASHE AUDIT BILLINGS & MONTANA STATE OFFICE","AARCHER, INC.",,Department of the Interior,Bureau of Land Management,541620,R410,2024-09-17,keyword:compliance assessment,45,https://www.usaspending.gov/award/CONT_AWD_140L0624F0190_1422_140L0622A0008_1422
2026-07-01,140L0624F0192,45748.50,medium,cyber_consulting,"COMPLIANCE ASSESSMENTS FOR SAFETY, HEALTH, AND THE ENVIRONMENT (CASHE) CALL 104 - FY 2026 CASHE AUDIT BURLEY, JARBIDGE, & SHOSHONE","AARCHER, INC.",,Department of the Interior,Bureau of Land Management,541620,R410,2024-09-17,keyword:compliance assessment,45,https://www.usaspending.gov/award/CONT_AWD_140L0624F0192_1422_140L0622A0008_1422
2026-07-01,140L0623F0283,45749.35,medium,cyber_consulting,"COMPLIANCE ASSESSMENTS FOR SAFETY, HEALTH, AND THE ENVIRONMENT (CASHE) CALL 083 PRINEVILLE FY25 AUDIT","AARCHER, INC.",,Department of the Interior,Bureau of Land Management,541620,R410,2023-09-18,keyword:compliance assessment,45,https://www.usaspending.gov/award/CONT_AWD_140L0623F0283_1422_140L0622A0008_1422
2026-07-01,140L0624F0189,45890.81,medium,cyber_consulting,"COMPLIANCE ASSESSMENTS FOR SAFETY, HEALTH, AND THE ENVIRONMENT (CASHE) CALL 102 - FY 2026 CASHE AUDIT ARCATA & REDDING","AARCHER, INC.",,Department of the Interior,Bureau of Land Management,541620,R410,2024-09-18,keyword:compliance assessment,45,https://www.usaspending.gov/award/CONT_AWD_140L0624F0189_1422_140L0622A0008_1422
2026-07-01,140L0623F0280,45920.45,medium,cyber_consulting,"COMPLIANCE ASSESSMENTS FOR SAFETY, HEALTH, AND THE ENVIRONMENT (CASHE) CALL 080 VALE FY25 AUDIT","AARCHER, INC.",,Department of the Interior,Bureau of Land Management,541620,R410,2023-09-19,keyword:compliance assessment,45,https://www.usaspending.gov/award/CONT_AWD_140L0623F0280_1422_140L0622A0008_1422
2026-07-01,140L0624F0186,45925.50,medium,cyber_consulting,"COMPLIANCE ASSESSMENTS FOR SAFETY, HEALTH, AND THE ENVIRONMENT (CASHE) FY 2026 CASHE AUDIT GRAND STAIRCASE-ESCALANTE & KANAB","AARCHER, INC.",,Department of the Interior,Bureau of Land Management,541620,R410,2024-09-16,keyword:compliance assessment,45,https://www.usaspending.gov/award/CONT_AWD_140L0624F0186_1422_140L0622A0008_1422
2026-07-01,140L0624F0219,45955.00,medium,cyber_consulting,"COMPLIANCE ASSESSMENTS FOR SAFETY, HEALTH, AND THE ENVIRONMENT (CASHE) CALL 110 - FY 2026 CASHE AUDIT BURNS","AARCHER, INC.",,Department of the Interior,Bureau of Land Management,541620,R410,2024-09-23,keyword:compliance assessment,45,https://www.usaspending.gov/award/CONT_AWD_140L0624F0219_1422_140L0622A0008_1422
2026-07-01,140L0623F0265,46059.56,medium,cyber_consulting,"COMPLIANCE ASSESSMENTS FOR SAFETY, HEALTH, AND THE ENVIRONMENT (CASHE) CALL 074 CARLSBAD/ROSWELL FY25 AUDIT","AARCHER, INC.",,Department of the Interior,Bureau of Land Management,541620,R410,2023-09-18,keyword:compliance assessment,45,https://www.usaspending.gov/award/CONT_AWD_140L0623F0265_1422_140L0622A0008_1422
2026-07-01,140L0623F0282,46095.33,medium,cyber_consulting,"COMPLIANCE ASSESSMENTS FOR SAFETY, HEALTH, AND THE ENVIRONMENT (CASHE) CALL 082 PINEDALE/ROCK SPRINGS FY25 AUDIT","AARCHER, INC.",,Department of the Interior,Bureau of Land Management,541620,R410,2023-09-18,keyword:compliance assessment,45,https://www.usaspending.gov/award/CONT_AWD_140L0623F0282_1422_140L0622A0008_1422
2026-07-01,140L0624F0197,46121.74,medium,cyber_consulting,"COMPLIANCE ASSESSMENTS FOR SAFETY, HEALTH, AND THE ENVIRONMENT (CASHE) CALL 109 - FY 2026 CASHE AUDIT COEUR D'ALENE & COTTONWOOD","AARCHER, INC.",,Department of the Interior,Bureau of Land Management,541620,R410,2024-09-18,keyword:compliance assessment,45,https://www.usaspending.gov/award/CONT_AWD_140L0624F0197_1422_140L0622A0008_1422
2026-07-01,140L0623F0279,46383.01,medium,cyber_consulting,"COMPLIANCE ASSESSMENTS FOR SAFETY, HEALTH, AND THE ENVIRONMENT (CASHE) CALL 079 APPLEGATE/SURPRISE FY25 AUDIT","AARCHER, INC.",,Department of the Interior,Bureau of Land Management,541620,R410,2023-09-19,keyword:compliance assessment,45,https://www.usaspending.gov/award/CONT_AWD_140L0623F0279_1422_140L0622A0008_1422
2026-07-01,140L0624F0195,46505.59,medium,cyber_consulting,"COMPLIANCE ASSESSMENTS FOR SAFETY, HEALTH, AND THE ENVIRONMENT (CASHE) CALL 107 - FY 2026 CASHE AUDIT CODY, LANDER, & WORLAND","AARCHER, INC.",,Department of the Interior,Bureau of Land Management,541620,R410,2024-09-17,keyword:compliance assessment,45,https://www.usaspending.gov/award/CONT_AWD_140L0624F0195_1422_140L0622A0008_1422
2026-07-01,140L0624F0179,46659.98,medium,cyber_consulting,"COMPLIANCE ASSESSMENTS FOR SAFETY, HEALTH, AND THE ENVIRONMENT (CASHE) CALL 098 - FY 2026 CASHE AUDIT SAFFORD & TUCSON","AARCHER, INC.",,Department of the Interior,Bureau of Land Management,541620,R410,2024-09-12,keyword:compliance assessment,45,https://www.usaspending.gov/award/CONT_AWD_140L0624F0179_1422_140L0622A0008_1422
2026-07-01,140L0623F0275,47542.59,medium,cyber_consulting,"COMPLIANCE ASSESSMENTS FOR SAFETY, HEALTH, AND THE ENVIRONMENT (CASHE) CALL 076 IDAHO FALLS/POCATELLO FY25 AUDIT","AARCHER, INC.",,Department of the Interior,Bureau of Land Management,541620,R410,2023-09-18,keyword:compliance assessment,45,https://www.usaspending.gov/award/CONT_AWD_140L0623F0275_1422_140L0622A0008_1422
2026-07-01,140L0624F0194,49979.68,medium,cyber_consulting,"COMPLIANCE ASSESSMENTS FOR SAFETY, HEALTH, AND THE ENVIRONMENT (CASHE) CALL 106 - FY 2026 CASHE AUDIT ARCTIC & FAIRBANKS","AARCHER, INC.",,Department of the Interior,Bureau of Land Management,541620,R410,2024-09-19,keyword:compliance assessment,45,https://www.usaspending.gov/award/CONT_AWD_140L0624F0194_1422_140L0622A0008_1422
2026-07-01,140L0623F0281,56790.48,medium,cyber_consulting,"COMPLIANCE ASSESSMENTS FOR SAFETY, HEALTH, AND THE ENVIRONMENT (CASHE) CALL 081 NORTH CENTRAL MT FY25 AUDIT","AARCHER, INC.",,Department of the Interior,Bureau of Land Management,541620,R410,2023-09-18,keyword:compliance assessment,45,https://www.usaspending.gov/award/CONT_AWD_140L0623F0281_1422_140L0622A0008_1422
2026-07-01,12024B25M0722,61389.34,medium,incident_response,INCIDENT RESPONSE COMMUNICATIONS LLC WAOLF000178 E116,INCIDENT RESPONSE COMMUNICATIONS LLC,,Department of Agriculture,Forest Service,488190,F003,2025-08-02,keyword:incident response,45,https://www.usaspending.gov/award/CONT_AWD_12024B25M0722_12C2_12024B24T7018_12C2
2026-07-01,959P0025P0008,10000.00,medium,cyber_consulting,REVIEW OF PSA RISK ASSESSMENT INSTRUMENT (RAI) REVALIDATION,"MAXARTH, LLC",,Court Services and Offender Supervision Agency,Pretrial Services Agency,541611,G004,2025-06-16,keyword:risk assessment,40,https://www.usaspending.gov/award/CONT_AWD_959P0025P0008_959P_-NONE-_-NONE-
2026-07-01,123A9420C0021,14630.00,medium,cyber_consulting,"THE SEMINAR SERIES FOSTERS INFORMATION EXCHANGE BETWEEN FSIS PERSONNEL AND PROFESSIONALS IN PUBLIC HEALTH, FOOD SCIENCE AND TECHNOLOGY, MICROBIOLOGY, CHEMISTRY, TOXICOLOGY, RISK ASSESSMENT, INFECTIOUS DISEASE, EPIDEMIOLOGY, VETERINARY MEDIC",AMERICAN ASSOCIATION OF VETERINARY STATE BOARDS,,Department of Agriculture,Food Safety and Inspection Service,611430,U006,2020-07-01,keyword:risk assessment,40,https://www.usaspending.gov/award/CONT_AWD_123A9420C0021_12G2_-NONE-_-NONE-
2026-07-01,15PCRD19C00000002,19152.15,medium,cyber_consulting,EXPERT CONSULTANTS - PRETRIAL RISK ASSESSMENT SERVICES FOR THE USDOJ OJP OFFICE FOR CIVIL RIGHTS,PRETRIAL JUSTICE INSTITUTE,,Department of Justice,Office of Justice Programs,541611,B599,2019-09-30,keyword:risk assessment,40,https://www.usaspending.gov/award/CONT_AWD_15PCRD19C00000002_1550_-NONE-_-NONE-
2026-07-01,28321325FDS030086,29911.50,medium,cyber_consulting,ADMINISTRATIVE LAW JUDGE (ALJ) SECURITY ASSESSMENT AND AUTHORIZATION PROCESS UNDER OPTION YEAR II.,"INFORMATION DISCOVERY SERVICES, LLC",,Social Security Administration,Social Security Administration,561611,R615,2025-09-01,keyword:security assessment,40,https://www.usaspending.gov/award/CONT_AWD_28321325FDS030086_2800_28321323D00060009_2800
2026-07-01,20346424F00016,32492.05,medium,cyber_consulting,RISK ASSESSMENT FOR IT MODERNIZATION,"SAGGAR & ROSENBERG, P.C.",,Department of the Treasury,Bureau of the Fiscal Service,541211,R408,2024-04-18,keyword:risk assessment,40,https://www.usaspending.gov/award/CONT_AWD_20346424F00016_2036_20346422A00003_2036
2026-07-01,68HE0721F0135,42329.76,medium,cyber_consulting,REPA ZONE III -GAR COMBUSTION HUMAN HEALTH AND ECO RISK ASSESSMENT SUPPORT,EASTERN RESEARCH GROUP INC,,Environmental Protection Agency,Environmental Protection Agency,541620,R425,2021-09-17,keyword:risk assessment,40,https://www.usaspending.gov/award/CONT_AWD_68HE0721F0135_6800_68HERH19D0017_6800
2026-07-01,692M1524F00023,66976.98,medium,cyber_consulting,NEW TRC TO 105 TITLE V AIR MODELING PROTOCOL AND RISK ASSESSMENT.,TRC ENVIRONMENTAL CORP,,Department of Transportation,Federal Aviation Administration,541620,R425,2024-01-03,keyword:risk assessment,40,https://www.usaspending.gov/award/CONT_AWD_692M1524F00023_6920_DTFACT17D00008_6920
2026-07-01,19AQMM26P0658,8622.36,medium,other,PRESSCOM,"GOVSMART, INC.",,Department of State,Department of State,541519,DG10,2026-09-30,naics:541519,35,https://www.usaspending.gov/award/CONT_AWD_19AQMM26P0658_1900_-NONE-_-NONE-
2026-07-01,15B51426F00000078,9127.07,medium,other,"TELERADIOLOGY AND MEDICAL IMAGE STORAGE SERVICES FOR INMATES QUARTER 3 FY26 BCT PARTNERS JULY 1 THROUGH SEPTEMBER 30, 2026",BCT PARTNERS LLC,,Department of Justice,Federal Prison System / Bureau of Prisons,541512,Q522,2026-07-01,naics:541512,35,https://www.usaspending.gov/award/CONT_AWD_15B51426F00000078_1540_15BNAS21D00000087_1540
2026-07-01,15DDHQ26F00000353,9398.00,medium,other,TITLE: MAGNET AXIOM SMS - NEW RENEWAL REQUESTOR: CLIVE R LAWRENCE AFT#: 2026-TC-0053 ITJA#: TCITJA0017114 POP DATES: 09/30/2026 TO 09/29/2027,"PANAMERICA COMPUTERS, INC.",,Department of Justice,Drug Enforcement Administration,541519,7A21,2026-09-30,naics:541519,35,https://www.usaspending.gov/award/CONT_AWD_15DDHQ26F00000353_1524_NNG15SD02B_8000
2026-07-01,140E0126F0027,11698.64,medium,other,ITEXT SUPPORT,"COUNTERTRADE PRODUCTS, INC.",,Department of the Interior,Bureau of Safety and Environmental Enforcement,541519,DA10,2026-09-30,naics:541519,35,https://www.usaspending.gov/award/CONT_AWD_140E0126F0027_1436_NNG15SC65B_8000
2026-07-01,36C26226P0656,12740.51,medium,other,OMNICELL IVX MAINTENANCE BASE YEAR,"DOCUMENT STORAGE SYSTEMS, INC.",,Department of Veterans Affairs,Department of Veterans Affairs,541512,Q602,2026-09-01,naics:541512,35,https://www.usaspending.gov/award/CONT_AWD_36C26226P0656_3600_-NONE-_-NONE-
2026-07-01,29FTC126F0010,14729.32,medium,other,F5 LOAD BALANCERS MAINTENANCE RENEWAL 2026,"AUGUST SCHELL ENTERPRISES, INC.",,Federal Trade Commission,Federal Trade Commission,541519,7H20,2026-12-31,naics:541519,35,https://www.usaspending.gov/award/CONT_AWD_29FTC126F0010_2900_NNG15SD80B_8000
2026-07-01,80NSSC26P0819,15989.12,medium,other,AXIS CAMERAS,"DYNAMIC SYSTEMS INTEGRATION, INC",,National Aeronautics and Space Administration,National Aeronautics and Space Administration,541512,7A20,2026-06-16,naics:541512,35,https://www.usaspending.gov/award/CONT_AWD_80NSSC26P0819_8000_-NONE-_-NONE-
2026-07-01,697DCK26F00607,16262.40,medium,other,SALESFORCE SLACK ENTERPRISE SELECT RENEWAL,MICROTECHNOLOGIES LLC,,Department of Transportation,Federal Aviation Administration,541512,7A20,2026-06-29,naics:541512,35,https://www.usaspending.gov/award/CONT_AWD_697DCK26F00607_6920_697DCK22D00002_6920
2026-07-01,36C24426N0777,16434.00,medium,other,JANITORIAL SERVICES,"THE GREEN TECHNOLOGY GROUP, LLC",,Department of Veterans Affairs,Department of Veterans Affairs,541519,S201,2026-09-30,naics:541519,35,https://www.usaspending.gov/award/CONT_AWD_36C24426N0777_3600_36C24426A0033_3600
2026-07-01,36C78626F50706,17833.60,medium,other,24 MOTOROLA R5 HANDHELD RADIO'S WITH 4- 6 BANK CHARGERS,AEG GROUP INC,,Department of Veterans Affairs,Department of Veterans Affairs,541512,5810,2026-06-11,naics:541512,35,https://www.usaspending.gov/award/CONT_AWD_36C78626F50706_3600_GS35F0090X_4732
2026-07-01,697DCK26F00596,19013.20,medium,other,PURCHASE TRELLIX (MCAFEE) SW FOR  SERVICES ON THE CLASSIFIED NETWORK,CDW GOVERNMENT LLC,,Department of Transportation,Federal Aviation Administration,541512,7A21,2026-06-29,naics:541512,35,https://www.usaspending.gov/award/CONT_AWD_697DCK26F00596_6920_697DCK22D00001_6920
2026-07-01,15JPPS26F00000073,20087.66,medium,other,DUENDE IDENTITY SERVER SW RENEWAL POP: 9/30/25-9/29/26  THIS REQUEST IS IDENTIFIED AS A MISSION ESSENTIAL REQUIREMENT,"ADVANCED COMPUTER CONCEPTS, INC.",,Department of Justice,"Offices, Boards and Divisions",541519,7A20,2026-10-01,naics:541519,35,https://www.usaspending.gov/award/CONT_AWD_15JPPS26F00000073_1501_NNG15SD60B_8000
2026-07-01,140R3026F0031,21163.17,medium,vulnerability_assessment,IMT LCDO NESSUS RENEWAL-2026,BLUE TECH INC.,,Department of the Interior,Bureau of Reclamation,541519,7A21,2026-10-05,naics:541519,35,https://www.usaspending.gov/award/CONT_AWD_140R3026F0031_1425_NNG15SD00B_8000
2026-07-01,68HERH25F0069,37390.65,medium,cyber_consulting,"THIS T&M ORDER IS FOR LEAD (PB) NAAQS RISK ASSESSMENT SUPPORT - ADDITIONAL SUPPORT IN REFINING THE EXPOSURE &  RISK MODEL AND GENERATING RESULTS FOR THE PERIOD OF PERFORMANCE OF JANUARY 1, 2025 THROUGH AUGUST 30, 2025.","ICF INCORPORATED, L.L.C.",,Environmental Protection Agency,Environmental Protection Agency,541611,F999,2024-12-05,keyword:risk assessment,35,https://www.usaspending.gov/award/CONT_AWD_68HERH25F0069_6800_68HERD22A0001_6800
2026-07-01,1333BJ25F00280009,40000.00,medium,cyber_consulting,SUPPLY CHAIN RISK ASSESSMENT (SCRA),RIVA SOLUTIONS INC,,Department of Commerce,U.S. Patent and Trademark Office,541519,R799,2025-06-20,keyword:risk assessment,35,https://www.usaspending.gov/award/CONT_AWD_1333BJ25F00280009_1344_1331L523D13OS0036_1301
2026-07-01,05GA0A21P0013,40000.00,medium,cyber_consulting,"RISK ASSESSMENT TOOL TO TRIAGE, ANALYZE AND ASSESS THE RISK OF VIOLENCE, TO INCLUDE SELF-HARM.",EWAVR PARTNERS LLC,,Government Accountability Office,"GAO, Except Comptroller General",541611,R799,2021-09-13,keyword:risk assessment,35,https://www.usaspending.gov/award/CONT_AWD_05GA0A21P0013_0559_-NONE-_-NONE-
2026-07-01,1232SA24P0014,72085.00,medium,cyber_consulting,CROSSCUT ANALYSIS - BIOTECHNOLOGY RESEARCH RISK ASSESSMENT,COUNCIL FOR AGRICULTURAL SCIENCE AND TECHNOLOGY,,Department of Agriculture,Agricultural Research Service,541990,B529,2024-06-27,keyword:risk assessment,35,https://www.usaspending.gov/award/CONT_AWD_1232SA24P0014_12H2_-NONE-_-NONE-
2026-07-01,75F40126F19019,73547.61,medium,cyber_consulting,"FIRM FIXED PRICE AWARD OFFICE OF INTEGRATED FOOD SAFETY SYSTEM PARTNERSHIPS (OIFSSP) OFFICE OF RETAIL FOOD PROTECTION (ORFP) DIVISION OF RETAIL FOOD PROTECTION POLICY, RESEARCH AND RISK ASSESSMENT (DRFPPRRA) FOOD CODE SCIENTIFIC EDITOR/WRITER","KAIVA STRATEGIES, LLC",,Department of Health and Human Services,Food and Drug Administration,541611,R499,2026-02-25,keyword:risk assessment,35,https://www.usaspending.gov/award/CONT_AWD_75F40126F19019_7524_75F40123D00021_7524
2026-07-01,15F06725P0000376,86133.00,medium,incident_response,"GENERAL REPAIR/MAINTENANCE, SAFETY SYSTEM REPAIR/MAINTENANCE, TESTING AND LAB SERVICES IN SUPPORT OF FIVE (5) YEAR MAINTENANCE AND SERVICE OF SELF-CONTAINED BREATHING APPARATUS SYSTEMS FOR THE CRITICAL INCIDENT RESPONSE GROUP.","SPECIAL PROJECTS OPERATIONS, INC",,Department of Justice,Federal Bureau of Investigation,333912,4310,2025-04-09,keyword:incident response,35,https://www.usaspending.gov/award/CONT_AWD_15F06725P0000376_1549_-NONE-_-NONE-
2026-07-01,N6945026F0191,95663.00,medium,cyber_consulting,"ANNUAL OPERATING REPORT (AOR) AND RELATED FEE FORM PREPARATION, TITLE V COMPLIANCE ASSESSMENT REPORT AND CERTIFICATION FORM PREPARATION, AND SEMI-ANNUAL AEROSPACE NESHAP COMPLIANCE REPORTS PREPARATION.",CATALINA JV,,Department of Defense,Department of the Navy,541330,C211,2026-03-19,keyword:compliance assessment,35,https://www.usaspending.gov/award/CONT_AWD_N6945026F0191_9700_N6945022D0044_9700
